MPI Ranks,Avg Total Max (s),Speedup,Efficiency,Avg Overhead Ratio
1,0.365032,1.0,1.0,0.001
2,0.37028,0.986,0.493,0.004
4,0.383397,0.952,0.238,0.029
8,0.392959,0.929,0.116,0.065
16,0.375078,0.973,0.061,0.041
32,0.760445,0.48,0.015,0.532
64,0.795417,0.459,0.007,0.56
128,1.070231,0.341,0.003,0.687
256,0.963068,0.379,0.001,0.681
